HC,HC
CLOAK,CLOAK
APE,APE
SCRT,SCRT
KEEP,KEEP
VIA,VIA
PPT,PPT
AION,AION
YFI,YFI
XEC,XEC
REP,REP
OGN,OGN
ALCX,ALCX
FOR,FOR
NMR,NMR
SUN,SUN
LAZIO,LAZIO
BAT,BAT
DCR,DCR
AKRO,AKRO
AUTO,AUTO
BNX,BNX
PYR,PYR
PUNDIX,PUNDIX
FORTH,FORTH
WBTC,WBTC
OXT,OXT
CITY,CITY
RLC,RLC
POWR,POWR
KAVA,KAVA
ACA,ACA
DIA,DIA
AR,AR
NAS,NAS
XNO,XNO
BICO,BICO
EVX,EVX
COCOS,COCOS
COS,COS
ZEN,ZEN
COMP,COMP
FUN,FUN
NANO,NANO
RVN,RVN
RAD,RAD
LEND,LEND
SNM,SNM
ORN,ORN
FIS,FIS
QUICK,QUICK
FIDA,FIDA
GMT,GMT
HBAR,HBAR
UNI,UNI
MDA,MDA
STRAX,STRAX
TUSDB,TUSDB
BAR,BAR
GRS,GRS
ATOM,ATOM
WABI,WABI
CVX,CVX
LUN,LUN
KLAY,KLAY
ERD,ERD
WOO,WOO
PHB,PHB
NEXO,NEXO
GLMR,GLMR
BOT,BOT
BCC,BCC
PEOPLE,PEOPLE
IOST,IOST
ILV,ILV
DAI,DAI
POLY,POLY
JASMY,JASMY
ENG,ENG
THETA,THETA
WING,WING
REEF,REEF
DUSK,DUSK
MBOX,MBOX
NBT,NBT
EOS,EOS
QNT,QNT
OST,OST
DREP,DREP
OAX,OAX
ONE,ONE
FTM,FTM
ACH,ACH
RGT,RGT
WPR,WPR
BTCB,BTCB
MDX,MDX
DGD,DGD
IOTA,IOTA
SNGLS,SNGLS
STORM,STORM
MFT,MFT
SKL,SKL
ONG,ONG
OMG,OMG
EPX,EPX
OOKI,OOKI
POLS,POLS
GTC,GTC
CREAM,CREAM
ICX,ICX
BCN,BCN
LTO,LTO
WTC,WTC
GXS,GXS
SPELL,SPELL
PROS,PROS
AGI,AGI
PHA,PHA
FARM,FARM
MTL,MTL
BLZ,BLZ
ENS,ENS
IDEX,IDEX
ANC,ANC
CTK,CTK
CFX,CFX
GLM,GLM
LOOM,LOOM
T,T
COVER,COVER
LINK,LINK
GHST,GHST
GTO,GTO
BCD,BCD
OP,OP
SWRV,SWRV
TRIBE,TRIBE
GO,GO
TROY,TROY
STX,STX
EDO,EDO
IOTX,IOTX
CRV,CRV
KEY,KEY
VEN,VEN
BAL,BAL
ETH,ETH
LSK,LSK
ATM,ATM
LPT,LPT
WAN,WAN
DATA,DATA
MASK,MASK
MOD,MOD
WNXM,WNXM
FLUX,FLUX
LUNA,LUNA
CLV,CLV
FIRO,FIRO
SKY,SKY
BIFI,BIFI
MC,MC
LEVER,LEVER
ALPACA,ALPACA
RUNE,RUNE
MTH,MTH
QTUM,QTUM
USDS,USDS
USDC,USDC
SSV,SSV
HNT,HNT
MATIC,MATIC
TRX,TRX
CTSI,CTSI
SUSHI,SUSHI
PROM,PROM
STRAT,STRAT
MITH,MITH
SNT,SNT
REI,REI
ADA,ADA
CVP,CVP
PSG,PSG
PHX,PHX
OCEAN,OCEAN
HSR,HSR
DEXE,DEXE
QLC,QLC
LOKA,LOKA
AERGO,AERGO
DENT,DENT
BQX,BQX
BZRX,BZRX
NU,NU
ATA,ATA
FIL,FIL
SXP,SXP
PAX,PAX
PERL,PERL
SOL,SOL
EUR,EUR
HARD,HARD
BTCST,BTCST
ROSE,ROSE
FRONT,FRONT
SRM,SRM
RCN,RCN
NAV,NAV
AUD,AUD
BAKE,BAKE
CHESS,CHESS
USDP,USDP
UNFI,UNFI
CAKE,CAKE
MLN,MLN
KSM,KSM
VGX,VGX
RDN,RDN
VET,VET
BETH,BETH
AAVE,AAVE
BCHABC,BCHABC
GAS,GAS
SUSD,SUSD
CMT,CMT
AGIX,AGIX
BDOT,BDOT
NCASH,NCASH
BNB,BNB
ZIL,ZIL
TRB,TRB
NEAR,NEAR
STEEM,STEEM
DODO,DODO
UTK,UTK
DNT,DNT
VIDT,VIDT
INS,INS
NPXS,NPXS
AST,AST
BAND,BAND
DYDX,DYDX
COTI,COTI
BGBP,BGBP
IRIS,IRIS
AGLD,AGLD
EPS,EPS
XZC,XZC
AUCTION,AUCTION
ASTR,ASTR
BCH,BCH
WIN,WIN
MINA,MINA
CHAT,CHAT
KDA,KDA
NEO,NEO
WAVES,WAVES
AVA,AVA
TLM,TLM
RSR,RSR
LINA,LINA
MANA,MANA
GNO,GNO
ALPINE,ALPINE
BURGER,BURGER
PIVX,PIVX
DAR,DAR
MIR,MIR
BNT,BNT
POND,POND
YOYO,YOYO
VIBE,VIBE
SPARTA,SPARTA
ONT,ONT
CVC,CVC
IMX,IMX
BSW,BSW
APPC,APPC
ALICE,ALICE
DGB,DGB
TVK,TVK
RARE,RARE
HIGH,HIGH
MDT,MDT
ELF,ELF
STMX,STMX
YGG,YGG
AMB,AMB
TRU,TRU
AE,AE
SUPER,SUPER
AVAX,AVAX
FIO,FIO
TNT,TNT
CDT,CDT
API3,API3
PLA,PLA
SFP,SFP
VITE,VITE
XTZ,XTZ
QI,QI
USDSB,USDSB
OG,OG
MCO,MCO
DEGO,DEGO
MBL,MBL
CELO,CELO
TORN,TORN
CHZ,CHZ
CTXC,CTXC
SNX,SNX
DOT,DOT
XLM,XLM
JST,JST
USTC,USTC
DOGE,DOGE
NULS,NULS
LRC,LRC
DLT,DLT
WRX,WRX
NKN,NKN
REQ,REQ
XMR,XMR
YFII,YFII
AMP,AMP
ACM,ACM
RENBTC,RENBTC
ZRX,ZRX
IQ,IQ
POE,POE
XVS,XVS
UFT,UFT
ERN,ERN
HEGIC,HEGIC
1INCH,1INCH
BUSD,BUSD
VTHO,VTHO
QKC,QKC
FET,FET
ANT,ANT
ARK,ARK
DASH,DASH
ALGO,ALGO
ENJ,ENJ
RNDR,RNDR
MOVR,MOVR
MOB,MOB
BEL,BEL
TRIG,TRIG
AUDIO,AUDIO
SANTOS,SANTOS
BTC,BTC
FTT,FTT
NEBL,NEBL
POA,POA
RAY,RAY
JUV,JUV
KNC,KNC
GALA,GALA
QSP,QSP
OM,OM
SHIB,SHIB
INJ,INJ
WAXP,WAXP
BRD,BRD
BKRW,BKRW
SYS,SYS
TFUEL,TFUEL
BTTC,BTTC
MULTI,MULTI
FLM,FLM
CELR,CELR
NBS,NBS
TNB,TNB
TCT,TCT
SLP,SLP
CND,CND
UMA,UMA
TOMO,TOMO
DOCK,DOCK
DF,DF
BTS,BTS
PORTO,PORTO
ICN,ICN
USDT,USDT
EASY,EASY
BCPT,BCPT
XEM,XEM
RPX,RPX
JOE,JOE
TUSD,TUSD
ZEC,ZEC
BTG,BTG
PAXG,PAXG
ANY,ANY
ARN,ARN
HIVE,HIVE
STORJ,STORJ
ARPA,ARPA
ADX,ADX
GVT,GVT
VOXEL,VOXEL
UST,UST
TKO,TKO
SUB,SUB
WINGS,WINGS
ARDR,ARDR
ANKR,ANKR
LTC,LTC
TWT,TWT
LUNC,LUNC
RIF,RIF
PERP,PERP
BTT,BTT
FXS,FXS
VIB,VIB
XRP,XRP
KMD,KMD
GRT,GRT
LIT,LIT
BADGER,BADGER
FUEL,FUEL
EGLD,EGLD
RAMP,RAMP
KP3R,KP3R
XVG,XVG
BOND,BOND
GAL,GAL
CHR,CHR
BCHSV,BCHSV
SC,SC
PNT,PNT
MKR,MKR
GBP,GBP
LDO,LDO
ICP,ICP
C98,C98
AXS,AXS
STPT,STPT
NXS,NXS
CKB,CKB
ALPHA,ALPHA
FLOW,FLOW
BEAM,BEAM
ASR,ASR
SALT,SALT
GNT,GNT
BETA,BETA
BCHA,BCHA
REN,REN
ETC,ETC
HOT,HOT
SAND,SAND
EZ,EZ
